python程设,9787040370811,卢仁智,学科巨作,2
西游记,9787040370683,吴承恩,神话小说,50
三国演义,9787040370684,罗贯中,历史类小说,50
水浒传,9787040370685,施耐庵,英雄传奇小说,40
红楼梦,9787040370686,曹雪芹,爱情小说,50
三体,9787040370687,刘慈溪,科幻小说,100
白鹿原,9787040370688,陈忠实,农村现实小说,10
平凡的世界,9787040370689,莫言,农村现实小说,10
明朝那些事儿,9787040370693,当年明月,历史类小说,10
白夜行,9787040370694,东野圭吾,现代小说,10
解忧杂货铺,9787040370701,东野圭吾,现代小说,10
一念永恒,9787040370702,耳根,现代小说,10
活着,9787040370703,余华,现代小说,60
第七天,9787040370704,余华,现代小说,10
许三观卖血记,9787040370705,余华,现代小说,10
城南旧事,9787040370706,林海音,回忆录,10
朝花夕拾,9787040370707,鲁迅,近代小说,10
人间失格,9787040370708,太宰治,近代小说,10
达芬奇密码,9787040370709,丹.布朗,悬疑小说,106
无人生还,9787040370710,阿加莎,悬疑小说,50
海底两万里,9787040370711,凡尔纳,科幻小说,10
红与黑,9787040370712,司汤达,欧洲文学,10
百年孤独,9787040370713,马尔克斯,美洲魔幻,10
忏悔录,9787040370714,让.卢梭,德国文学,10
尤利西斯,9787040370717,乔伊斯,英国文学,10
人类简史,9787040370715,霍金,科学著作,10
电路理论,9787040370716,袁芳,学科著作,20
复变函数,9787040370719,向茂松,学科著作,2
瓦尔登湖,9787040370721,梭罗,西方古典文学,50